{
  "variations": [
    {
      "variant": "1",
      "questions": [
        {
          "key": "2463",
          "number": "1",
          "file": "Q1",
          "weight": "1",
          "language": [
            "all"
          ],
          "skills": [],
          "description": [],
          "cases": [
            {
              "case": "test_1",
              "input": [
                "8 2 8 8 7 3\n0 4 9 3 9 8\n5 1 5 1 6 2\n2 1 0 7 7 1\n5 8 6 6 3 3\n4 7 9 5 9 9\n3 3 7 2 1 4\n\n"
              ],
              "output": [
                "soma = 201"
              ]
            },
            {
              "case": "test_2",
              "input": [
                "7 6 1 8 5 6\n1 6 2 4 2 3\n9 1 1 4 2 5\n1 9 5 8 1 3\n7 1 5 0 1 8\n2 8 2 0 0 2\n6 8 2 4 0 6\n\n"
              ],
              "output": [
                "soma = 162"
              ]
            }
          ]
        },
        {
          "key": "2454",
          "number": "2",
          "file": "Q2",
          "weight": "1",
          "language": [
            "all"
          ],
          "skills": [],
          "description": [],
          "cases": [
            {
              "case": "test_1",
              "input": [
                "5009.8\n"
              ],
              "output": [
                "417.48"
              ]
            },
            {
              "case": "test_2",
              "input": [
                "5009.7\n"
              ],
              "output": [
                "417.47"
              ]
            }
          ]
        }
      ]
    },
    {
      "variant": "2",
      "questions": [
        {
          "key": "2463",
          "number": "1",
          "file": "Q1",
          "weight": "1",
          "language": [
            "all"
          ],
          "skills": [],
          "description": [],
          "cases": [
            {
              "case": "test_1",
              "input": [
                "7 9 4 5 3 3\n0 1 7 1 4 3\n5 1 4 2 9 4\n4 4 9 2 1 8\n0 4 1 2 5 5\n4 7 2 7 8 6\n\n"
              ],
              "output": [
                "soma = 151"
              ]
            },
            {
              "case": "test_2",
              "input": [
                "1 8 0 0 3 5\n5 1 6 6 4 5\n2 9 6 5 1 3\n5 0 0 1 7 0\n8 4 1 5 5 1\n6 8 7 8 6 5\n\n"
              ],
              "output": [
                "soma = 147"
              ]
            }
          ]
        },
        {
          "key": "2454",
          "number": "2",
          "file": "Q2",
          "weight": "1",
          "language": [
            "all"
          ],
          "skills": [],
          "description": [],
          "cases": [
            {
              "case": "test_1",
              "input": [
                "5005.9\n"
              ],
              "output": [
                "455.08"
              ]
            },
            {
              "case": "test_2",
              "input": [
                "5007.6\n"
              ],
              "output": [
                "455.24"
              ]
            }
          ]
        }
      ]
    }
  ]
}